college,draft_team,draft_year
University of Cincinnati,Atlanta Hawks,2000
University of Utah,Atlanta Hawks,2000
"University of California, Los Angeles",Boston Celtics,2000
University of Kentucky,Charlotte Hornets,2000
Indiana University,Chicago Bulls,2000
Iowa State University,Chicago Bulls,2000
University of Connecticut,Chicago Bulls,2000
University of Connecticut,Chicago Bulls,2000
University of Texas at Austin,Chicago Bulls,2000
University of Michigan,Cleveland Cavaliers,2000
Syracuse University,Dallas Mavericks,2000
Vanderbilt University,Dallas Mavericks,2000
Auburn University,Denver Nuggets,2000
Northern Arizona University,Denver Nuggets,2000
Michigan State University,Detroit Pistons,2000
Purdue University,Detroit Pistons,2000
Auburn University,Golden State Warriors,2000
University of Minnesota,Houston Rockets,2000
University of Oklahoma,Houston Rockets,2000
DePaul University,Los Angeles Clippers,2000
Stanford University,Los Angeles Lakers,2000
Arizona State University,Miami Heat,2000
Indian Hills Community College,Miami Heat,2000
"Indiana University, Georgia Institute of Technology",Milwaukee Bucks,2000
Ohio State University,Milwaukee Bucks,2000
Syracuse University,Milwaukee Bucks,2000
University of Cincinnati,New Jersey Nets,2000
St. John's University,New York Knicks,2000
University of Florida,New York Knicks,2000
University of Florida,Orlando Magic,2000
University of Missouri,Orlando Magic,2000
"University of Virginia, California State University, Fresno",Orlando Magic,2000
Hofstra University,Philadelphia 76ers,2000
St. John's University,Portland Trail Blazers,2000
Louisiana State University,Sacramento Kings,2000
Oklahoma State University,Seattle SuperSonics,2000
Michigan State University,Toronto Raptors,2000
"Tyler Junior College, University of Idaho",Utah Jazz,2000
Louisiana State University,Vancouver Grizzlies,2000
University of Louisiana at Monroe,Washington Wizards,2000
University of Maryland,Atlanta Hawks,2001
Okaloosa-Walton Community College,Boston Celtics,2001
University of Arkansas,Boston Celtics,2001
University of North Carolina,Boston Celtics,2001
Indiana University,Charlotte Hornets,2001
Austin Peay State University,Chicago Bulls,2001
University of California,Chicago Bulls,2001
University of North Carolina,Cleveland Cavaliers,2001
University of Southern California,Cleveland Cavaliers,2001
University of Cincinnati,Dallas Mavericks,2001
University of North Carolina at Charlotte,Detroit Pistons,2001
Michigan State University,Golden State Warriors,2001
University of Arizona,Golden State Warriors,2001
University of Notre Dame,Golden State Warriors,2001
Pepperdine University,Houston Rockets,2001
Stanford University,Houston Rockets,2001
University of Arizona,Houston Rockets,2001
Auburn University,Indiana Pacers,2001
Clemson University,Memphis Grizzlies,2001
Duke University,Memphis Grizzlies,2001
Iowa State University,Memphis Grizzlies,2001
Ohio State University,Miami Heat,2001
"Wake Forest University, University of Arizona",Minnesota Timberwolves,2001
Seton Hall University,New Jersey Nets,2001
University of Southern California,New Jersey Nets,2001
DePaul University,Orlando Magic,2001
Southern Methodist University,Orlando Magic,2001
St. John's University,Orlando Magic,2001
Georgia Institute of Technology,Philadelphia 76ers,2001
Seton Hall University,Philadelphia 76ers,2001
Syracuse University,Philadelphia 76ers,2001
University of Houston,Phoenix Suns,2001
Georgetown University,Portland Trail Blazers,2001
Michigan State University,Portland Trail Blazers,2001
University of Alabama,Sacramento Kings,2001
DePaul University,Seattle SuperSonics,2001
"University of California, Los Angeles",Seattle SuperSonics,2001
"University of Kentucky, Villanova University",Toronto Raptors,2001
Stanford University,Utah Jazz,2001
Wake Forest University,Boston Celtics,2002
Duke University,Chicago Bulls,2002
University of Maryland,Chicago Bulls,2002
University of Virginia,Chicago Bulls,2002
Duke University,Cleveland Cavaliers,2002
University of Memphis,Cleveland Cavaliers,2002
University of Illinois at Urbana-Champaign,Denver Nuggets,2002
University of Tennessee,Denver Nuggets,2002
University of Kentucky,Detroit Pistons,2002
Duke University,Golden State Warriors,2002
"California State University, Fresno",Houston Rockets,2002
University of Oregon,Indiana Pacers,2002
"California State University, Fresno",Los Angeles Clippers,2002
University of Maryland,Los Angeles Clippers,2002
"University of Arkansas, California State University, Fresno",Los Angeles Lakers,2002
"University of California, Los Angeles",Memphis Grizzlies,2002
University of Illinois at Urbana-Champaign,Memphis Grizzlies,2002
University of Kansas,Memphis Grizzlies,2002
La Salle University,Miami Heat,2002
University of Connecticut,Miami Heat,2002
"Meridian Community College, Shaw University",Milwaukee Bucks,2002
"Tulane University, University of Texas at Austin",Milwaukee Bucks,2002
"University of California, Los Angeles",Milwaukee Bucks,2002
University of Tennessee,Milwaukee Bucks,2002
Marshall University,New Jersey Nets,2002
Stanford University,Orlando Magic,2002
Stanford University,Phoenix Suns,2002
Northeast Mississippi Community College,Portland Trail Blazers,2002
Central Connecticut State University,Sacramento Kings,2002
"University of Washington, Gonzaga University",Sacramento Kings,2002
"California State University, Fresno, San Diego State University",San Antonio Spurs,2002
University of Miami,San Antonio Spurs,2002
University of Missouri,Toronto Raptors,2002
University of California,Utah Jazz,2002
"University of Oklahoma, University of Notre Dame",Utah Jazz,2002
Indiana University,Washington Wizards,2002
University of Maryland,Washington Wizards,2002
"Utah Valley State College, Brigham Young University",Atlanta Hawks,2003
Boston College,Boston Celtics,2003
Ohio University,Boston Celtics,2003
"Rutgers University, Duke University",Boston Celtics,2003
University of Florida,Chicago Bulls,2003
University of Kansas,Chicago Bulls,2003
"University of California, Los Angeles",Cleveland Cavaliers,2003
Wake Forest University,Dallas Mavericks,2003
Syracuse University,Denver Nuggets,2003
Mississippi State University,Golden State Warriors,2003
University of Miami,Indiana Pacers,2003
Central Michigan University,Los Angeles Clippers,2003
University of Arizona,Los Angeles Lakers,2003
University of Illinois at Urbana-Champaign,Los Angeles Lakers,2003
"University of Nevada, Las Vegas",Memphis Grizzlies,2003
Marquette University,Miami Heat,2003
"Midland College, University of North Dakota",Miami Heat,2003
University of Kentucky,Milwaukee Bucks,2003
University of Texas at Austin,Milwaukee Bucks,2003
Creighton University,New Jersey Nets,2003
Xavier University,New Orleans Hornets,2003
Georgetown University,New York Knicks,2003
University of Louisville,Orlando Magic,2003
University of Detroit Mercy,Seattle SuperSonics,2003
University of Kansas,Seattle SuperSonics,2003
University of Oregon,Seattle SuperSonics,2003
Georgia Institute of Technology,Toronto Raptors,2003
University of Alabama,Utah Jazz,2003
University of Maryland,Washington Wizards,2003
"Western Carolina University, University of Georgia",Washington Wizards,2003
Southeastern Illinois College,Atlanta Hawks,2004
Stanford University,Atlanta Hawks,2004
University of Texas at Austin,Atlanta Hawks,2004
"Butler County Community College, Oklahoma State University",Boston Celtics,2004
Saint Joseph's University,Boston Celtics,2004
University of Mississippi,Boston Celtics,2004
University of Connecticut,Charlotte Bobcats,2004
University of Michigan,Charlotte Bobcats,2004
Duke University,Chicago Bulls,2004
Iowa State University,Chicago Bulls,2004
University of Connecticut,Chicago Bulls,2004
University of Oregon,Cleveland Cavaliers,2004
Saint Joseph's University,Denver Nuggets,2004
"Rutgers University, Manhattan College",Houston Rockets,2004
University of Colorado,Indiana Pacers,2004
Xavier University,Los Angeles Clippers,2004
"California State University, Fullerton",Miami Heat,2004
Vanderbilt University,Miami Heat,2004
"University of California, Los Angeles",New York Knicks,2004
University of Memphis,Orlando Magic,2004
University of Arizona,Philadelphia 76ers,2004
Duke University,Phoenix Suns,2004
Western Carolina University,Sacramento Kings,2004
Texas Tech University,Seattle SuperSonics,2004
Brigham Young University,Toronto Raptors,2004
University of Minnesota,Utah Jazz,2004
"University of Nevada, Reno",Utah Jazz,2004
University of Wisconsin,Washington Wizards,2004
University of Arizona,Atlanta Hawks,2005
University of North Carolina,Atlanta Hawks,2005
Providence College,Boston Celtics,2005
"University of Florida, University of Louisiana at Lafayette",Boston Celtics,2005
University of North Carolina,Charlotte Bobcats,2005
University of North Carolina,Charlotte Bobcats,2005
Georgia Institute of Technology,Denver Nuggets,2005
North Carolina State University,Denver Nuggets,2005
Pepperdine University,Detroit Pistons,2005
University of Cincinnati,Detroit Pistons,2005
Arizona State University,Golden State Warriors,2005
University of Pittsburgh,Golden State Warriors,2005
University of Illinois at Urbana-Champaign,Houston Rockets,2005
"Bradley University, University of New Mexico",Indiana Pacers,2005
Duke University,Los Angeles Clippers,2005
Florida State University,Los Angeles Lakers,2005
Gonzaga University,Los Angeles Lakers,2005
Syracuse University,Memphis Grizzlies,2005
University of Kansas,Miami Heat,2005
University of Utah,Milwaukee Bucks,2005
Indiana University,Minnesota Timberwolves,2005
University of North Carolina,Minnesota Timberwolves,2005
Texas A&M University,New Jersey Nets,2005
Louisiana State University,New Orleans Hornets,2005
Wake Forest University,New Orleans Hornets,2005
University of Arizona,New York Knicks,2005
"University of California, Los Angeles",New York Knicks,2005
University of Florida,New York Knicks,2005
Marquette University,Orlando Magic,2005
University of Washington,Phoenix Suns,2005
University of Missouri,Portland Trail Blazers,2005
University of Louisville,Sacramento Kings,2005
"Baylor University, Mississippi State University",Seattle SuperSonics,2005
"University of Central Florida, Oklahoma State University",Toronto Raptors,2005
University of Connecticut,Toronto Raptors,2005
"Barton County Community College, University of Cincinnati, Walsh University",Utah Jazz,2005
University of Illinois at Urbana-Champaign,Utah Jazz,2005
Duke University,Atlanta Hawks,2006
University of South Florida,Atlanta Hawks,2006
Villanova University,Boston Celtics,2006
Gonzaga University,Charlotte Bobcats,2006
"University of California, Los Angeles",Charlotte Bobcats,2006
University of Memphis,Chicago Bulls,2006
University of Texas at Austin,Chicago Bulls,2006
Michigan State University,Cleveland Cavaliers,2006
University of Texas at Austin,Cleveland Cavaliers,2006
Michigan State University,Dallas Mavericks,2006
University of California,Denver Nuggets,2006
Iowa State University,Detroit Pistons,2006
Bradley University,Golden State Warriors,2006
Marquette University,Houston Rockets,2006
University of Connecticut,Houston Rockets,2006
Florida State University,Indiana Pacers,2006
University of Memphis,Indiana Pacers,2006
Michigan State University,Los Angeles Clippers,2006
University of Miami,Los Angeles Clippers,2006
"University of California, Los Angeles",Los Angeles Lakers,2006
Villanova University,Memphis Grizzlies,2006
University of North Carolina,Milwaukee Bucks,2006
Boston College,Minnesota Timberwolves,2006
University of Washington,Minnesota Timberwolves,2006
University of Washington,Minnesota Timberwolves,2006
University of Arizona,New Jersey Nets,2006
University of Connecticut,New Jersey Nets,2006
University of Connecticut,New Jersey Nets,2006
North Carolina State University,New Orleans/Oklahoma City Hornets,2006
University of Connecticut,New Orleans/Oklahoma City Hornets,2006
Temple University,New York Knicks,2006
University of South Carolina,New York Knicks,2006
Duke University,Orlando Magic,2006
University of Illinois at Urbana-Champaign,Orlando Magic,2006
University of Kentucky,Phoenix Suns,2006
Louisiana State University,Portland Trail Blazers,2006
"University of Florida, University of Cincinnati",Portland Trail Blazers,2006
Rutgers University,Sacramento Kings,2006
University of Texas at Austin,Toronto Raptors,2006
Louisiana Tech University,Utah Jazz,2006
University of Arkansas,Utah Jazz,2006
University of Illinois at Urbana-Champaign,Utah Jazz,2006
Texas A&M University,Atlanta Hawks,2007
University of Florida,Atlanta Hawks,2007
Georgetown University,Boston Celtics,2007
University of Southern California,Boston Celtics,2007
Boston College,Charlotte Bobcats,2007
University of North Carolina,Charlotte Bobcats,2007
Oklahoma State University,Chicago Bulls,2007
University of Florida,Chicago Bulls,2007
University of Pittsburgh,Chicago Bulls,2007
"University of Nevada, Reno",Dallas Mavericks,2007
Eastern Washington University,Detroit Pistons,2007
"University of California, Los Angeles",Detroit Pistons,2007
University of Alabama,Golden State Warriors,2007
University of Massachusetts Amherst,Golden State Warriors,2007
University of Oregon,Houston Rockets,2007
Florida State University,Los Angeles Clippers,2007
Georgia Institute of Technology,Los Angeles Lakers,2007
Ohio State University,Memphis Grizzlies,2007
Colorado State University,Miami Heat,2007
"University of Nevada, Reno",Milwaukee Bucks,2007
University of Florida,Minnesota Timberwolves,2007
University of Florida,Minnesota Timberwolves,2007
Boston College,New Jersey Nets,2007
University of Kansas,New Orleans/Oklahoma City Hornets,2007
DePaul University,New York Knicks,2007
Georgia Institute of Technology,Philadelphia 76ers,2007
Ohio State University,Philadelphia 76ers,2007
University of Maryland,Phoenix Suns,2007
University of Wisconsin,Phoenix Suns,2007
Duke University,Portland Trail Blazers,2007
Ohio State University,Portland Trail Blazers,2007
Syracuse University,Portland Trail Blazers,2007
University of Florida,Portland Trail Blazers,2007
"University of Virginia, Vanderbilt University",Portland Trail Blazers,2007
University of Washington,Sacramento Kings,2007
University of Arizona,San Antonio Spurs,2007
Louisiana State University,Seattle SuperSonics,2007
Purdue University,Seattle SuperSonics,2007
University of Texas at Austin,Seattle SuperSonics,2007
Rice University,Utah Jazz,2007
"University of California, California State University, Fresno",Washington Wizards,2007
University of Southern California,Washington Wizards,2007
"University of Kansas, University of New Mexico",Boston Celtics,2008
University of Texas at Austin,Charlotte Bobcats,2008
Washington State University,Charlotte Bobcats,2008
University of Arkansas,Chicago Bulls,2008
University of Memphis,Chicago Bulls,2008
North Carolina State University,Cleveland Cavaliers,2008
Indiana University,Detroit Pistons,2008
Louisiana State University,Golden State Warriors,2008
Midland College,Indiana Pacers,2008
University of Arizona,Indiana Pacers,2008
Indiana University,Los Angeles Clippers,2008
Texas A&M University,Los Angeles Clippers,2008
University of Kentucky,Los Angeles Lakers,2008
Syracuse University,Memphis Grizzlies,2008
"University of California, Los Angeles",Memphis Grizzlies,2008
Kansas State University,Miami Heat,2008
University of Kansas,Miami Heat,2008
"University of California, Los Angeles",Milwaukee Bucks,2008
West Virginia University,Milwaukee Bucks,2008
University of Kansas,Minnesota Timberwolves,2008
University of Southern California,Minnesota Timberwolves,2008
Stanford University,New Jersey Nets,2008
University of California,New Jersey Nets,2008
University of Memphis,New Jersey Nets,2008
University of Kansas,New Orleans Hornets,2008
Western Kentucky University,Orlando Magic,2008
University of Florida,Philadelphia 76ers,2008
Stanford University,Phoenix Suns,2008
University of Oregon,Phoenix Suns,2008
Iowa State University,Portland Trail Blazers,2008
University of Kansas,Portland Trail Blazers,2008
University of Memphis,Portland Trail Blazers,2008
"Indiana University, Georgetown University",Sacramento Kings,2008
Rider University,Sacramento Kings,2008
University of Virginia,Sacramento Kings,2008
Indiana University-Purdue University Indianapolis,San Antonio Spurs,2008
"Mississippi State University, University of Alabama at Birmingham",Seattle SuperSonics,2008
"University of California, Los Angeles",Seattle SuperSonics,2008
University of Kansas,Seattle SuperSonics,2008
Georgetown University,Toronto Raptors,2008
Ohio State University,Utah Jazz,2008
Kansas State University,Washington Wizards,2008
"University of Nevada, Reno",Washington Wizards,2008
Wake Forest University,Atlanta Hawks,2009
University of Tennessee at Martin,Boston Celtics,2009
Duke University,Charlotte Bobcats,2009
Xavier University,Charlotte Bobcats,2009
University of Southern California,Chicago Bulls,2009
Wake Forest University,Chicago Bulls,2009
University of North Carolina,Cleveland Cavaliers,2009
Ohio State University,Dallas Mavericks,2009
Georgetown University,Detroit Pistons,2009
Gonzaga University,Detroit Pistons,2009
University of Arizona,Detroit Pistons,2009
Davidson College,Golden State Warriors,2009
University of Connecticut,Indiana Pacers,2009
University of North Carolina,Indiana Pacers,2009
University of Oklahoma,Los Angeles Clippers,2009
"Auburn University, Florida State University",Los Angeles Lakers,2009
University of Arkansas,Los Angeles Lakers,2009
University of Connecticut,Memphis Grizzlies,2009
University of Pittsburgh,Memphis Grizzlies,2009
"Vanderbilt University, University of Missouri",Memphis Grizzlies,2009
Louisiana State University,Miami Heat,2009
University of Kentucky,Milwaukee Bucks,2009
Syracuse University,Minnesota Timberwolves,2009
University of Florida,Minnesota Timberwolves,2009
University of North Carolina,Minnesota Timberwolves,2009
University of North Carolina,Minnesota Timberwolves,2009
University of Louisville,New Jersey Nets,2009
"University of California, Los Angeles",New Orleans Hornets,2009
University of Arizona,New York Knicks,2009
Arizona State University,Oklahoma City Thunder,2009
"University of California, Los Angeles",Philadelphia 76ers,2009
University of Louisville,Phoenix Suns,2009
University of Oklahoma,Phoenix Suns,2009
Saint Mary's College of California,Portland Trail Blazers,2009
University of Washington,Portland Trail Blazers,2009
Villanova University,Portland Trail Blazers,2009
Arizona State University,Sacramento Kings,2009
University of Memphis,Sacramento Kings,2009
University of Pittsburgh,San Antonio Spurs,2009
University of Southern California,Toronto Raptors,2009
Virginia Commonwealth University,Utah Jazz,2009
University of Central Florida,Washington Wizards,2009
University of Texas at Austin,Atlanta Hawks,2010
University of Notre Dame,Boston Celtics,2010
University of Texas at Austin,Boston Celtics,2010
Florida State University,Dallas Mavericks,2010
Georgetown University,Detroit Pistons,2010
"University of Michigan, Baylor University",Golden State Warriors,2010
University of Kentucky,Houston Rockets,2010
"California State University, Fresno",Indiana Pacers,2010
Florida State University,Indiana Pacers,2010
University of Cincinnati,Indiana Pacers,2010
University of Oklahoma,Los Angeles Clippers,2010
Wake Forest University,Los Angeles Clippers,2010
"University of Louisville, University of Texas at El Paso",Los Angeles Lakers,2010
West Virginia University,Los Angeles Lakers,2010
University of Kansas,Memphis Grizzlies,2010
University of Maryland,Memphis Grizzlies,2010
University of South Florida,Memphis Grizzlies,2010
Mississippi State University,Miami Heat,2010
University of Texas at Austin,Miami Heat,2010
University of New Mexico,Milwaukee Bucks,2010
University of Tulsa,Milwaukee Bucks,2010
Virginia Commonwealth University,Milwaukee Bucks,2010
Clemson University,Minnesota Timberwolves,2010
"Iowa State University, Syracuse University",Minnesota Timberwolves,2010
Rutgers University,Minnesota Timberwolves,2010
"University of Nevada, Reno",Minnesota Timberwolves,2010
Georgia Institute of Technology,New Jersey Nets,2010
"Indiana University, Xavier University",New Jersey Nets,2010
University of Kansas,New Orleans Hornets,2010
Stanford University,New York Knicks,2010
Syracuse University,New York Knicks,2010
Iowa State University,Oklahoma City Thunder,2010
University of Kentucky,Oklahoma City Thunder,2010
University of Washington,Oklahoma City Thunder,2010
University of Kentucky,Orlando Magic,2010
Ohio State University,Philadelphia 76ers,2010
Georgia Institute of Technology,Phoenix Suns,2010
"Duke University, University of Memphis",Portland Trail Blazers,2010
"University of Nevada, Reno",Portland Trail Blazers,2010
Marshall University,Sacramento Kings,2010
University of Kentucky,Sacramento Kings,2010
Oklahoma State University,San Antonio Spurs,2010
University of North Carolina,Toronto Raptors,2010
Butler University,Utah Jazz,2010
Western Kentucky University,Utah Jazz,2010
Marquette University,Washington Wizards,2010
University of Kentucky,Washington Wizards,2010
Oakland University,Atlanta Hawks,2011
Providence College,Boston Celtics,2011
Purdue University,Boston Celtics,2011
University of Connecticut,Charlotte Bobcats,2011
University of Tennessee,Charlotte Bobcats,2011
Cleveland State University,Chicago Bulls,2011
Marquette University,Chicago Bulls,2011
"University of California, Los Angeles",Chicago Bulls,2011
Duke University,Cleveland Cavaliers,2011
University of Richmond,Cleveland Cavaliers,2011
University of Texas at Austin,Cleveland Cavaliers,2011
University of Texas at Austin,Dallas Mavericks,2011
Morehead State University,Denver Nuggets,2011
Duke University,Detroit Pistons,2011
"Georgetown University, University of Florida",Detroit Pistons,2011
University of Kentucky,Detroit Pistons,2011
Hofstra University,Golden State Warriors,2011
Washington State University,Golden State Warriors,2011
University of Florida,Houston Rockets,2011
University of Kansas,Houston Rockets,2011
San Diego State University,Indiana Pacers,2011
University of Georgia,Los Angeles Clippers,2011
University of Georgia,Los Angeles Clippers,2011
College of Charleston,Los Angeles Lakers,2011
University of Michigan,Los Angeles Lakers,2011
University of Kansas,Memphis Grizzlies,2011
Brigham Young University,Milwaukee Bucks,2011
University of Wisconsin,Milwaukee Bucks,2011
University of Arizona,Minnesota Timberwolves,2011
Purdue University,New Jersey Nets,2011
University of Maryland,New Jersey Nets,2011
University of Kentucky,New Orleans Hornets,2011
Georgia Institute of Technology,New York Knicks,2011
Boston College,Oklahoma City Thunder,2011
University of Kentucky,Orlando Magic,2011
Temple University,Philadelphia 76ers,2011
University of Southern California,Philadelphia 76ers,2011
University of Kansas,Phoenix Suns,2011
Duke University,Portland Trail Blazers,2011
"University of California, Los Angeles",Sacramento Kings,2011
University of Washington,Sacramento Kings,2011
University of Texas at Austin,San Antonio Spurs,2011
University of Colorado,Utah Jazz,2011
Butler University,Washington Wizards,2011
Florida State University,Washington Wizards,2011
University of Virginia,Atlanta Hawks,2012
Vanderbilt University,Atlanta Hawks,2012
Ohio State University,Boston Celtics,2012
Syracuse University,Boston Celtics,2012
Syracuse University,Boston Celtics,2012
University of Kentucky,Charlotte Bobcats,2012
Vanderbilt University,Charlotte Bobcats,2012
University of Kentucky,Chicago Bulls,2012
Florida State University,Cleveland Cavaliers,2012
Marquette University,Cleveland Cavaliers,2012
Oregon State University,Cleveland Cavaliers,2012
Syracuse University,Cleveland Cavaliers,2012
Marquette University,Dallas Mavericks,2012
University of North Carolina,Dallas Mavericks,2012
Baylor University,Denver Nuggets,2012
Texas A&M University,Detroit Pistons,2012
University of Connecticut,Detroit Pistons,2012
University of Missouri,Detroit Pistons,2012
Michigan State University,Golden State Warriors,2012
University of North Carolina,Golden State Warriors,2012
Vanderbilt University,Golden State Warriors,2012
Iowa State University,Houston Rockets,2012
University of Connecticut,Houston Rockets,2012
University of Kentucky,Houston Rockets,2012
Duke University,Indiana Pacers,2012
Gonzaga University,Los Angeles Lakers,2012
University of Washington,Memphis Grizzlies,2012
"University of Texas at El Paso, Mississippi State University",Miami Heat,2012
University of Kentucky,Milwaukee Bucks,2012
University of North Carolina,Milwaukee Bucks,2012
Purdue University,Minnesota Timberwolves,2012
Duke University,New Orleans Hornets,2012
University of Kentucky,New Orleans Hornets,2012
University of Kentucky,New Orleans Hornets,2012
Baylor University,Oklahoma City Thunder,2012
Norfolk State University,Orlando Magic,2012
St. Bonaventure University,Orlando Magic,2012
"Iowa State University, Louisiana State University",Philadelphia 76ers,2012
St. John's University,Philadelphia 76ers,2012
University of North Carolina,Phoenix Suns,2012
University of Illinois at Urbana-Champaign,Portland Trail Blazers,2012
University of Kansas,Portland Trail Blazers,2012
University of Memphis,Portland Trail Blazers,2012
Weber State University,Portland Trail Blazers,2012
"Loyola Marymount University, University of California, Santa Barbara",Sacramento Kings,2012
University of Kansas,Sacramento Kings,2012
Baylor University,Toronto Raptors,2012
University of Washington,Toronto Raptors,2012
Tennessee Technological University,Utah Jazz,2012
University of Florida,Washington Wizards,2012
"California State University, Long Beach",Atlanta Hawks,2013
University of Miami,Atlanta Hawks,2013
Duke University,Brooklyn Nets,2013
Indiana University,Charlotte Bobcats,2013
University of Florida,Chicago Bulls,2013
University of New Mexico,Chicago Bulls,2013
Arizona State University,Cleveland Cavaliers,2013
University of California,Cleveland Cavaliers,2013
"University of Nevada, Las Vegas",Cleveland Cavaliers,2013
Bucknell University,Dallas Mavericks,2013
Gonzaga University,Dallas Mavericks,2013
University of Georgia,Detroit Pistons,2013
University of Louisville,Detroit Pistons,2013
University of North Texas,Detroit Pistons,2013
Murray State University,Houston Rockets,2013
University of Arizona,Indiana Pacers,2013
University of North Carolina,Los Angeles Clippers,2013
Duke University,Los Angeles Lakers,2013
San Diego State University,Memphis Grizzlies,2013
North Carolina State University,Minnesota Timberwolves,2013
University of Colorado,Minnesota Timberwolves,2013
University of Michigan,Minnesota Timberwolves,2013
University of Kentucky,New Orleans Hornets,2013
University of Michigan,New York Knicks,2013
University of Kentucky,Oklahoma City Thunder,2013
University of Pittsburgh,Oklahoma City Thunder,2013
Indiana University,Orlando Magic,2013
Baylor University,Philadelphia 76ers,2013
Georgia Institute of Technology,Philadelphia 76ers,2013
Syracuse University,Philadelphia 76ers,2013
University of Maryland,Phoenix Suns,2013
Lehigh University,Portland Trail Blazers,2013
University of Arizona,Portland Trail Blazers,2013
University of Kansas,Portland Trail Blazers,2013
University of Detroit Mercy,Sacramento Kings,2013
University of Kansas,Sacramento Kings,2013
"University of California, Los Angeles",Utah Jazz,2013
University of Louisville,Utah Jazz,2013
Virginia Polytechnic Institute and State University,Utah Jazz,2013
Georgetown University,Washington Wizards,2013
South Dakota State University,Washington Wizards,2013
Michigan State University,Atlanta Hawks,2014
Oklahoma State University,Boston Celtics,2014
University of Kentucky,Boston Celtics,2014
Indiana University,Charlotte Hornets,2014
Stanford University,Charlotte Hornets,2014
University of Connecticut,Charlotte Hornets,2014
Michigan State University,Chicago Bulls,2014
University of New Mexico,Chicago Bulls,2014
University of Kansas,Cleveland Cavaliers,2014
University of Virginia,Cleveland Cavaliers,2014
Creighton University,Denver Nuggets,2014
University of Iowa,Denver Nuggets,2014
University of Colorado,Detroit Pistons,2014
University of Arizona,Houston Rockets,2014
University of Washington,Los Angeles Clippers,2014
University of Kentucky,Los Angeles Lakers,2014
"University of California, Los Angeles",Memphis Grizzlies,2014
University of North Carolina,Miami Heat,2014
Xavier University,Miami Heat,2014
Duke University,Milwaukee Bucks,2014
Louisiana State University,Milwaukee Bucks,2014
University of Pittsburgh,Milwaukee Bucks,2014
Oklahoma State University,Minnesota Timberwolves,2014
"University of California, Los Angeles",Minnesota Timberwolves,2014
University of Michigan,Minnesota Timberwolves,2014
Wichita State University,New York Knicks,2014
Stanford University,Oklahoma City Thunder,2014
University of Michigan,Oklahoma City Thunder,2014
University of Arizona,Orlando Magic,2014
Clemson University,Philadelphia 76ers,2014
Syracuse University,Philadelphia 76ers,2014
University of Kansas,Philadelphia 76ers,2014
University of Louisiana at Lafayette,Philadelphia 76ers,2014
University of Louisville,Philadelphia 76ers,2014
North Carolina State University,Phoenix Suns,2014
Syracuse University,Phoenix Suns,2014
University of Michigan,Sacramento Kings,2014
Baylor University,San Antonio Spurs,2014
"University of California, Los Angeles",San Antonio Spurs,2014
University of Tennessee,San Antonio Spurs,2014
"Mississippi State University, Duke University",Utah Jazz,2014
University of Tennessee,Utah Jazz,2014
"University of Tulsa, University of Missouri",Washington Wizards,2014
University of Kansas,Atlanta Hawks,2015
Georgia State University,Boston Celtics,2015
Louisiana State University,Boston Celtics,2015
University of Louisville,Boston Celtics,2015
Syracuse University,Brooklyn Nets,2015
University of Notre Dame,Brooklyn Nets,2015
University of Wisconsin,Charlotte Hornets,2015
University of Arkansas,Chicago Bulls,2015
Duke University,Cleveland Cavaliers,2015
University of Virginia,Dallas Mavericks,2015
University of Arizona,Detroit Pistons,2015
Villanova University,Detroit Pistons,2015
"University of California, Los Angeles",Golden State Warriors,2015
University of Louisville,Houston Rockets,2015
University of Wisconsin,Houston Rockets,2015
"University of Houston, University of Oregon",Indiana Pacers,2015
University of Texas at Austin,Indiana Pacers,2015
Ohio State University,Los Angeles Lakers,2015
Stanford University,Los Angeles Lakers,2015
University of Wyoming,Los Angeles Lakers,2015
Louisiana State University,Memphis Grizzlies,2015
Duke University,Miami Heat,2015
University of Tennessee,Miami Heat,2015
"University of California, Los Angeles",Milwaukee Bucks,2015
"University of Nevada, Las Vegas",Milwaukee Bucks,2015
Syracuse University,Minnesota Timberwolves,2015
University of Kentucky,Minnesota Timberwolves,2015
Michigan State University,New Orleans Pelicans,2015
Murray State University,Oklahoma City Thunder,2015
University of Kentucky,Oklahoma City Thunder,2015
Bowling Green State University,Philadelphia 76ers,2015
Duke University,Philadelphia 76ers,2015
University of Kentucky,Phoenix Suns,2015
University of Kentucky,Phoenix Suns,2015
University of Arizona,Portland Trail Blazers,2015
University of Kentucky,Sacramento Kings,2015
University of Utah,Toronto Raptors,2015
University of Kentucky,Utah Jazz,2015
University of Notre Dame,Washington Wizards,2015
Oakland University,Atlanta Hawks,2016
Saint Joseph's University,Atlanta Hawks,2016
Michigan State University,Boston Celtics,2016
"Northern Illinois University, Iowa State University",Boston Celtics,2016
Providence College,Boston Celtics,2016
University of California,Boston Celtics,2016
University of Notre Dame,Boston Celtics,2016
University of North Carolina,Brooklyn Nets,2016
Syracuse University,Charlotte Hornets,2016
Michigan State University,Chicago Bulls,2016
Purdue University,Dallas Mavericks,2016
Florida State University,Denver Nuggets,2016
University of Connecticut,Denver Nuggets,2016
University of Kentucky,Denver Nuggets,2016
"Duke University, Syracuse University",Detroit Pistons,2016
Marquette University,Detroit Pistons,2016
Vanderbilt University,Golden State Warriors,2016
University of Louisville,Houston Rockets,2016
Iowa State University,Indiana Pacers,2016
University of Michigan,Indiana Pacers,2016
University of Kansas,Los Angeles Clippers,2016
University of North Carolina,Los Angeles Clippers,2016
Duke University,Los Angeles Lakers,2016
Vanderbilt University,Memphis Grizzlies,2016
"University of Nevada, Las Vegas",Milwaukee Bucks,2016
University of Virginia,Milwaukee Bucks,2016
Providence College,Minnesota Timberwolves,2016
University of Maryland,New Orleans Pelicans,2016
University of Oklahoma,New Orleans Pelicans,2016
Gonzaga University,Orlando Magic,2016
University of Maryland,Orlando Magic,2016
"University of Nevada, Las Vegas",Orlando Magic,2016
Louisiana State University,Philadelphia 76ers,2016
University of Kentucky,Phoenix Suns,2016
University of Kentucky,Phoenix Suns,2016
University of Washington,Sacramento Kings,2016
University of Washington,San Antonio Spurs,2016
New Mexico State University,Toronto Raptors,2016
University of Utah,Toronto Raptors,2016
Baylor University,Utah Jazz,2016
Seton Hall University,Utah Jazz,2016
University of California,Utah Jazz,2016
Weber State University,Utah Jazz,2016
